ArrivalRate,GreenTime,RedTime,Lanes,Duration,AvgWaitTime,MaxQueue,Throughput,Congestion
8,36,88,1,64,24.384279618244307,18,311,19.027027027027028
10,32,84,1,178,15.728764073149996,35,293,25.454545454545453
37,47,43,1,96,83.11148861462073,30,392,33.145833333333336
26,20,55,1,104,71.3606006151669,44,388,68.0952380952381
17,52,23,2,291,29.4231506815839,22,464,7.377358490566038
5,85,33,1,146,87.47497508182192,12,233,1.9186046511627908
13,60,52,3,217,25.897874328338474,60,333,11.081967213114755
6,26,42,3,86,26.2774456741115,147,413,9.333333333333334
17,57,35,1,233,45.40974640333607,21,115,10.258620689655173
23,46,55,3,136,27.045164200313607,138,127,26.914893617021278
5,26,86,3,268,21.70436164111652,117,210,15.925925925925926
36,49,51,3,237,5.805951794366813,114,217,36.72
22,45,27,3,106,26.584909845277945,117,399,12.91304347826087
24,26,75,1,181,17.229696995858156,47,283,66.66666666666667
31,61,66,2,119,48.30659660874961,68,334,33.0
16,60,75,1,150,18.62198509996806,26,443,19.672131147540984
23,85,32,3,136,12.216429408072429,45,100,8.55813953488372
31,28,63,2,98,30.814879185790538,22,170,67.34482758620689
39,47,84,1,112,82.58171730858462,15,118,68.25
38,61,67,1,211,54.99799765361018,25,108,41.064516129032256
6,41,33,2,207,5.09945356384603,14,449,4.714285714285714
29,69,39,1,104,91.77695286611431,23,336,16.15714285714286
38,53,79,1,127,87.51351909880245,46,151,55.592592592592595
27,60,62,2,118,19.93146431068336,42,417,27.442622950819672
13,45,27,1,255,71.92184870364505,28,151,7.630434782608695
33,32,44,1,295,38.85952552732016,29,323,44.0
24,70,48,1,228,28.027644766611417,14,423,16.225352112676056
24,34,80,2,251,14.184224293682677,54,125,54.857142857142854
29,42,46,1,76,88.5326344982857,37,301,31.023255813953487
13,51,59,3,84,30.087679890659825,84,422,14.75
9,44,70,3,91,20.440203590436024,99,413,14.0
24,70,64,3,162,14.195368796025965,102,230,21.633802816901408
23,86,48,2,182,33.590867747609245,92,261,12.689655172413794
10,87,74,3,199,29.89522699452628,45,349,8.409090909090908
31,28,49,3,296,13.979167811338277,15,214,52.37931034482759
37,52,46,1,177,88.95877194044174,34,311,32.113207547169814
31,74,46,1,251,15.849577023051069,22,394,19.013333333333332
34,26,49,3,251,21.915706267597756,132,322,61.7037037037037
37,29,61,2,213,18.660843045184322,10,404,75.23333333333333
23,88,67,2,214,39.46960730591324,68,189,17.314606741573034
20,46,39,1,278,41.92021173557164,35,399,16.595744680851062
6,55,34,3,266,11.407115410768418,84,357,3.642857142857143
32,55,54,3,100,28.89068593467266,69,316,30.857142857142858
15,39,49,2,68,43.67255414864459,72,111,18.375
37,70,56,3,293,12.930498932150451,141,414,29.183098591549296
24,56,82,1,238,78.87204986101875,50,258,34.526315789473685
18,24,59,3,99,3.6901011038429594,24,368,42.48
17,20,68,2,214,16.3048651002564,96,110,55.04761904761905
8,86,60,3,85,3.801152658655823,120,464,5.517241379310345
14,81,67,1,287,35.959902452306025,31,198,11.439024390243903
17,86,32,1,68,69.17062144789335,31,486,6.252873563218391
22,72,52,1,67,65.12800565831412,41,242,15.67123287671233
29,60,54,3,66,8.780275177532792,87,442,25.672131147540984
19,40,48,1,72,18.735748868818447,45,201,22.24390243902439
27,40,61,1,72,21.99449182978302,16,459,40.170731707317074
7,56,82,1,227,11.467881206251336,21,357,10.070175438596491
30,75,76,2,271,6.009045968542358,90,230,30.0
37,48,35,3,165,5.826187333799207,114,177,26.428571428571427
5,23,36,2,238,36.14247800176055,48,451,7.5
7,77,32,1,215,57.132640923004,21,227,2.871794871794872
6,77,57,2,170,26.241377535825833,34,269,4.384615384615385
23,32,55,1,122,44.84951281432365,44,331,38.333333333333336
24,22,21,1,238,79.93052201313056,29,403,21.91304347826087
36,86,88,2,75,35.068528250522036,56,336,36.41379310344828
9,60,39,1,201,28.056412066698666,25,464,5.754098360655738
30,41,38,1,186,26.9887212750109,23,291,27.142857142857142
30,72,27,3,217,25.64398914657411,57,434,11.095890410958905
5,63,68,1,258,38.27274299781715,31,393,5.3125
22,56,23,3,167,31.512562352055422,66,303,8.87719298245614
26,72,76,1,211,67.5443313459529,14,167,27.068493150684933
17,26,76,2,118,7.348136210269298,76,283,47.851851851851855
14,67,46,2,129,18.598377566026542,70,455,9.470588235294118
36,41,55,1,219,83.13211587452408,7,223,47.142857142857146
16,25,56,2,236,45.17648001535504,22,118,34.46153846153846
34,51,39,1,182,68.0720175751855,39,413,25.5
11,86,85,3,247,4.123439909441302,75,235,10.74712643678161
33,22,37,1,236,72.92045180409076,23,445,53.08695652173913
13,89,21,3,176,23.161149002454696,105,181,3.033333333333333
22,30,26,2,269,29.962377895813944,28,487,18.451612903225808
7,23,50,2,243,47.587462684001096,28,250,14.583333333333334
33,46,67,1,239,24.502996891931826,25,484,47.04255319148936
28,51,24,2,252,47.3898503410601,48,112,12.923076923076923
35,40,83,3,76,17.826211840487122,66,191,70.85365853658537
8,53,78,3,263,16.4797254293648,48,448,11.555555555555555
26,73,52,2,280,15.945387119011253,92,401,18.27027027027027
34,55,36,2,198,43.84812942805203,74,430,21.857142857142858
39,47,81,3,175,5.985896124206062,96,477,65.8125
21,74,39,1,167,60.717368333544705,38,304,10.92
25,37,72,2,217,14.941704661771047,40,227,47.36842105263158
15,72,70,1,216,91.6864365329971,44,225,14.383561643835616
29,85,27,3,162,16.31576724565495,48,146,9.104651162790697
18,46,84,1,209,79.90376890395991,35,215,32.170212765957444
6,49,53,3,83,29.40296044854786,45,490,6.36
24,40,74,2,80,7.270692497582806,46,319,43.31707317073171
23,57,71,1,286,18.422023154201007,36,334,28.155172413793103
24,62,57,1,205,71.50522749253471,15,246,21.714285714285715
28,82,22,1,86,53.03971069145733,46,148,7.421686746987952
9,30,34,3,219,7.089804098364411,30,437,9.870967741935484
30,58,70,1,271,90.78402886774154,16,224,35.59322033898305
6,46,60,3,188,29.622530417043805,87,305,7.659574468085107
27,59,51,1,146,67.05544501438975,34,266,22.95
38,46,44,2,172,28.32852624083688,14,382,35.57446808510638
32,67,87,1,172,40.89752884145217,49,227,40.94117647058823
17,87,37,2,109,37.902537952675694,100,475,7.1477272727272725
20,24,49,2,291,29.51139740145696,30,496,39.2
9,72,70,3,206,17.5448022110681,126,377,8.63013698630137
8,70,67,1,80,96.46727155552283,22,198,7.549295774647887
22,85,87,1,117,47.30774759666317,38,362,22.25581395348837
17,38,38,1,205,20.369338520765695,26,240,16.564102564102566
31,29,89,3,95,9.080295507871767,102,384,91.96666666666667
35,88,64,3,125,30.467162269149174,69,317,25.168539325842698
29,61,68,1,130,19.88016558185921,13,125,31.806451612903224
25,68,20,2,269,21.377522752694645,18,133,7.246376811594203
35,83,29,3,162,32.96590958488749,81,366,12.083333333333334
11,65,66,1,214,91.3249871687506,26,333,11.0
29,36,48,2,237,14.16965008679723,84,407,37.62162162162162
23,39,85,1,240,78.6340665012453,32,353,48.875
11,54,66,2,83,12.89516619400721,48,392,13.2
19,57,36,1,247,77.37545338537254,26,393,11.793103448275861
23,67,80,1,224,40.09882280436467,23,199,27.058823529411764
38,39,37,3,113,27.831096425442084,27,152,35.15
10,85,65,1,271,50.37639959994086,43,445,7.558139534883721
27,79,85,1,250,61.93249733122291,13,427,28.6875
5,37,57,1,172,32.68957389500569,19,399,7.5
34,89,52,3,118,13.301601586460302,66,163,19.644444444444446
5,37,59,2,258,16.783322537671758,94,141,7.7631578947368425
10,65,69,1,68,65.5045832932686,43,195,10.454545454545455
37,50,38,2,236,5.435072161780983,12,160,27.568627450980394
23,65,37,1,215,12.845422716198248,43,361,12.893939393939394
14,81,33,2,205,38.187357817090295,56,377,5.634146341463414
6,67,82,3,157,19.555353596409287,27,149,7.235294117647059
30,82,60,3,88,19.56337289964475,75,442,21.686746987951807
10,44,32,2,108,6.2535198025749485,16,463,7.111111111111111
12,39,54,2,264,11.534558791361777,74,423,16.2
23,27,57,1,171,74.059649649726,31,152,46.82142857142857
33,71,80,3,83,11.685690808456982,144,113,36.666666666666664
15,20,78,3,152,14.707168947840323,51,453,55.714285714285715
35,39,41,3,287,14.618345107003504,21,331,35.875
37,72,26,1,254,69.64215491186053,47,500,13.178082191780822
22,31,21,3,82,10.065900852403688,63,350,14.4375
30,54,46,2,134,12.974030768704955,48,493,25.09090909090909
30,59,22,2,102,7.466230817165544,34,284,11.0
10,76,80,2,187,32.59141955983807,20,203,10.38961038961039
35,38,49,2,288,27.98439848107302,82,446,43.97435897435897
28,62,49,2,202,5.256757814905141,34,127,21.77777777777778
14,67,82,2,70,31.72048990815777,12,425,16.88235294117647
15,20,31,1,148,25.559328140996357,11,348,22.142857142857142
14,73,86,2,263,48.15913433607699,50,422,16.27027027027027
6,37,36,2,88,35.21631424449907,82,323,5.684210526315789
33,41,53,1,176,23.760684749227707,33,198,41.642857142857146
33,89,44,2,288,37.73339710890836,64,108,16.133333333333333
6,24,85,2,282,25.02519189591185,94,161,20.4
28,42,25,2,254,24.571916949302118,62,205,16.27906976744186
31,58,88,3,110,29.73500557472263,33,131,46.23728813559322
14,44,30,2,278,15.961819785917594,68,490,9.333333333333334
9,84,42,2,270,10.60841257697141,98,417,4.447058823529412
13,82,31,1,152,44.36577221822539,22,416,4.855421686746988
22,83,30,3,199,12.835315196088771,132,235,7.857142857142857
35,84,22,1,290,62.679771469872215,17,164,9.058823529411764
32,32,88,3,267,28.843403891251345,69,325,85.33333333333333
9,24,22,1,77,68.3146110406701,46,287,7.92
12,67,31,3,135,28.388467979662128,63,446,5.470588235294118
18,88,52,2,187,20.388632987332628,88,159,10.51685393258427
29,22,31,3,266,30.98556986656396,144,233,39.08695652173913
38,38,60,3,150,29.53767238330734,75,181,58.46153846153846
22,80,47,1,187,76.64466836328495,14,299,12.765432098765432
32,84,22,2,92,34.399423414260966,20,196,8.282352941176471
36,34,32,2,165,22.629102009668077,92,105,32.91428571428571
29,50,57,1,202,16.72295455409439,35,490,32.411764705882355
15,27,31,3,259,23.65696390586703,78,306,16.607142857142858
17,51,61,1,161,28.152620438894893,26,211,19.942307692307693
16,25,83,3,99,12.721721709818896,45,479,51.07692307692308
39,82,66,1,253,99.2042884389193,35,128,31.012048192771083
23,31,58,1,167,51.5827812415019,26,437,41.6875
25,63,75,2,181,39.529571787421794,94,317,29.296875
34,34,26,1,216,15.268716832019532,32,293,25.257142857142856
38,80,82,2,114,28.310485459266527,88,335,38.46913580246913
32,58,75,2,276,18.45276480896085,42,477,40.67796610169491
35,63,83,1,223,78.73839064553813,22,362,45.390625
12,84,78,2,160,49.78190759707847,16,275,11.011764705882353
31,86,33,2,100,21.883926127552584,54,238,11.758620689655173
7,24,52,1,169,50.6460369653019,10,380,14.56
37,69,69,3,217,4.9727107987456,75,464,36.47142857142857
36,44,44,1,65,25.29073553411873,31,203,35.2
14,63,87,1,170,60.84968911391311,28,447,19.03125
34,87,81,1,250,91.78507550342353,36,350,31.295454545454547
5,25,65,2,209,21.368663769565167,94,209,12.5
6,80,62,2,242,46.90083212235143,28,217,4.592592592592593
35,51,24,2,169,19.19515934822907,86,379,16.153846153846153
19,62,77,1,177,77.27451106018495,27,231,23.22222222222222
14,20,21,3,179,23.438941017297413,150,490,14.0
8,87,73,2,177,11.606167366796354,24,478,6.636363636363637
35,86,22,1,252,96.32925310193095,28,233,8.850574712643677
18,62,65,1,216,91.84290173187782,14,159,18.571428571428573
11,54,84,2,91,18.31235281435128,62,473,16.8
30,66,21,1,176,58.170898279053134,21,293,9.402985074626866
29,45,60,3,247,10.819830928499494,129,451,37.82608695652174
29,23,80,1,294,40.75277602974086,46,398,96.66666666666667
24,87,56,1,285,12.574157582762405,35,437,15.272727272727273
22,72,48,2,129,13.888263704177612,88,146,14.465753424657533
37,26,65,2,174,40.680925680696,100,374,89.07407407407408
35,80,64,1,125,64.9612395099579,42,102,27.65432098765432
19,68,57,2,127,48.547337850151116,18,130,15.695652173913043
19,72,85,1,88,14.570252745122364,42,385,22.123287671232877
30,39,43,3,103,13.540874030394477,114,350,32.25
34,89,38,3,226,24.440472011146877,39,114,14.355555555555556
14,74,59,1,98,82.4746026064493,5,466,11.013333333333334
35,52,46,3,257,23.54673152467804,18,238,30.37735849056604
34,76,55,3,190,15.193679639042438,18,270,24.285714285714285
22,20,51,3,236,31.01243468983004,48,295,53.42857142857143
35,60,45,3,261,9.434907575226761,117,333,25.81967213114754
5,33,33,1,98,54.56678627542459,44,200,4.852941176470588
34,29,63,3,203,3.556645338485103,138,272,71.4
24,64,37,3,199,11.956611678766663,147,177,13.661538461538461
37,73,33,1,83,40.30991299970326,38,386,16.5
6,53,53,1,190,42.33780378532805,20,425,5.888888888888889
10,32,34,3,143,23.023287507961914,129,492,10.303030303030303
11,76,34,1,282,14.574617065288516,44,182,4.857142857142857
26,49,37,2,78,33.10548150923915,76,258,19.24
13,30,60,1,241,47.827364809538025,27,332,25.161290322580644
20,61,48,1,252,51.740461122611514,29,213,15.483870967741936
31,34,28,3,119,6.425330172606752,66,282,24.8
10,26,30,2,251,12.815199343053656,30,119,11.11111111111111
28,35,85,2,158,33.08146231666444,62,160,66.11111111111111
10,36,49,3,193,21.923124431636978,150,337,13.243243243243244
16,54,35,2,226,38.95838637597968,12,379,10.181818181818182
31,42,87,3,61,4.809457657014733,99,356,62.72093023255814
37,77,32,3,166,31.804296601188657,138,142,15.179487179487179
24,75,61,1,141,29.347495107302695,45,318,19.263157894736842
15,50,63,2,251,24.710828191723408,32,490,18.529411764705884
31,39,78,1,159,98.89357240691447,11,276,60.45
25,30,83,2,201,34.650213546782226,12,434,66.93548387096774
18,85,55,3,94,27.367073734451534,72,345,11.511627906976743
28,85,37,2,229,9.445240386227091,56,334,12.046511627906977
6,28,22,1,209,49.16668002226504,13,472,4.551724137931035
7,79,55,3,188,23.822987462622326,126,138,4.8125
19,56,65,1,123,51.60249912579254,18,262,21.666666666666668
26,70,61,2,289,5.241333694299538,56,364,22.338028169014084
18,67,30,3,228,30.704226100887283,81,130,7.9411764705882355
35,56,76,3,267,13.115398047348185,57,195,46.666666666666664
33,29,70,1,281,99.06452232603641,48,440,77.0
25,89,62,3,180,16.972908385228077,93,253,17.22222222222222
12,52,51,3,115,23.68817189286882,66,249,11.547169811320755
24,89,71,3,227,16.967240041563667,39,228,18.933333333333334
38,68,84,1,104,90.88763406257331,23,148,46.26086956521739
17,87,22,1,167,61.21496783196166,23,148,4.25
36,32,47,1,252,40.32358899340325,21,474,51.27272727272727
21,44,24,1,129,42.400810797489676,36,312,11.2
8,24,57,1,233,62.37589292855813,41,345,18.24
22,23,25,3,68,11.988676540912204,90,145,22.916666666666668
24,43,77,1,224,96.24878483428736,33,270,42.0
32,79,53,3,231,15.579099772276903,18,451,21.2
30,66,40,1,157,97.47601004515555,31,168,17.91044776119403
33,72,30,1,181,38.051635959270385,34,397,13.561643835616438
6,55,71,3,122,22.513401127968404,60,349,7.607142857142857
6,39,41,1,230,88.4143143098817,31,232,6.15
32,67,28,2,169,17.42022866836262,24,246,13.176470588235293
31,78,73,1,210,59.54979342591737,25,415,28.645569620253166
13,55,32,3,167,29.865378364980014,150,486,7.428571428571429
25,64,61,3,289,19.364808180236587,108,439,23.46153846153846
33,49,69,3,98,27.421641515960744,18,238,45.54
27,28,53,3,77,25.691156517733205,141,282,49.3448275862069
24,31,42,2,172,10.65388524099639,16,448,31.5
38,46,61,1,223,69.38407651922282,42,144,49.319148936170215
31,66,32,2,274,36.472647164428864,76,415,14.805970149253731
8,83,44,2,297,38.864515285935674,32,423,4.190476190476191
38,86,44,3,130,14.521836345084536,111,101,19.2183908045977
14,64,78,1,254,64.08278721866753,5,481,16.8
22,46,80,2,202,41.99559535418392,90,194,37.4468085106383
7,22,51,2,155,13.708720788296358,92,103,15.521739130434783
32,49,54,3,85,23.87829777570845,27,236,34.56
36,67,76,1,272,69.57282881740447,20,258,40.23529411764706
20,56,25,2,167,29.674946270221785,64,254,8.771929824561404
24,44,51,1,92,14.891257304028063,22,430,27.2
19,75,86,3,119,22.807750067555844,15,433,21.5
5,34,63,2,113,28.60588384635404,56,486,9.0
26,31,45,3,173,15.747335880648045,18,453,36.5625
23,67,37,3,291,10.156049190838951,105,390,12.514705882352942
5,71,31,2,209,45.90215780809991,82,133,2.1527777777777777
10,56,54,1,264,93.01798209619395,37,237,9.473684210526315
30,76,54,1,131,99.42166714667472,41,405,21.038961038961038
14,81,61,1,106,56.94422935289817,17,468,10.414634146341463
6,89,85,2,164,9.781184876535027,36,194,5.666666666666667
16,51,60,3,218,10.519942290313745,108,399,18.46153846153846
32,32,58,1,170,19.53664022542288,33,147,56.24242424242424
39,44,52,1,274,89.77019508503126,41,314,45.06666666666667
22,88,48,2,226,11.749165220795948,94,140,11.865168539325843
19,40,43,1,75,59.11737931904848,14,110,19.926829268292682
22,47,33,2,121,35.807615318950354,38,467,15.125
27,31,23,1,129,50.03664499584678,19,466,19.40625
30,67,24,2,97,11.465593820338679,28,126,10.588235294117647
19,34,58,2,137,26.494986528065297,48,378,31.485714285714284
9,25,71,2,175,36.7226975883408,14,107,24.576923076923077
26,73,84,1,237,41.628983547473396,18,300,29.513513513513512
11,29,54,2,229,23.26288232463975,28,483,19.8
36,56,31,3,148,23.89847355164152,51,191,19.57894736842105
11,82,63,3,200,19.139669902437625,150,272,8.349397590361447
27,51,31,2,73,20.052274605710767,28,282,16.096153846153847
28,55,41,3,190,18.595252693902122,150,263,20.5
33,48,46,3,85,25.55131640136011,138,458,30.979591836734695
30,84,78,3,249,14.323412599871178,15,355,27.529411764705884
35,47,76,1,206,65.83338863491633,6,208,55.416666666666664
23,38,45,3,129,13.426960195397465,111,310,26.53846153846154
39,79,20,3,234,20.481197034096855,141,109,9.75
20,52,67,3,239,30.884142630470702,138,400,25.28301886792453
15,64,88,1,229,23.887871768164946,6,168,20.307692307692307
25,82,76,3,195,18.468624620709566,18,276,22.89156626506024
15,36,69,1,131,60.95268925328186,12,439,27.972972972972972
32,24,22,1,221,80.27479628848037,24,338,28.16
29,48,77,2,241,47.767080675430584,84,126,45.57142857142857
32,75,24,3,283,29.33545658243929,69,399,10.105263157894736
27,20,37,2,106,31.125649817924582,70,274,47.57142857142857
20,28,21,2,100,18.003806526349734,82,297,14.482758620689655
25,35,57,3,92,29.07152668701917,69,186,39.583333333333336
7,88,59,1,270,68.37515064949963,16,115,4.640449438202247
30,81,63,2,149,39.08609841780736,44,416,23.048780487804876
15,88,50,3,265,26.33683929449114,150,496,8.426966292134832
28,62,72,2,176,12.637804011284576,48,128,32.0
14,73,23,1,185,37.06023201948062,34,163,4.351351351351352
20,53,21,3,96,6.707517155496446,54,208,7.777777777777778
24,84,39,3,240,8.803503697083427,141,498,11.011764705882353
35,32,74,1,172,10.899873276988266,38,141,78.48484848484848
32,60,73,2,111,13.16440057774534,80,459,38.295081967213115
25,47,35,2,160,14.785340711243283,72,290,18.229166666666668
37,64,28,1,142,38.62703712301126,47,369,15.938461538461539
30,75,82,3,238,10.884618894580854,138,342,32.36842105263158
19,47,64,2,229,21.31729496645993,88,403,25.333333333333332
16,56,59,2,278,30.7424988111073,32,216,16.56140350877193
37,21,89,2,117,39.02208032982709,26,496,149.6818181818182
6,47,57,1,247,92.42652643837202,30,214,7.125
19,64,53,2,194,5.32245418009466,24,453,15.492307692307692
30,72,72,3,272,21.941737101111528,18,158,29.589041095890412
10,71,48,3,258,13.043489106958887,132,183,6.666666666666667
14,79,26,3,186,17.37018533454353,93,203,4.55
39,77,85,1,225,53.9696707656312,45,299,42.5
23,46,51,2,158,48.92000745290867,54,449,24.95744680851064
31,59,89,2,75,23.23236584370432,30,294,45.983333333333334
9,61,86,1,213,81.80267355773815,21,317,12.483870967741936
19,77,70,1,230,97.54421387291596,21,453,17.05128205128205
17,82,87,1,199,14.508378201885575,19,329,17.819277108433734
36,35,26,3,193,20.921443986557275,48,173,26.0
27,71,84,3,149,12.895477172475495,111,326,31.5
10,49,48,2,257,26.274368494768225,32,121,9.6
12,71,78,2,193,47.45640470369517,86,202,13.0
12,33,45,2,73,5.432942535522268,28,410,15.882352941176471
13,37,42,3,239,27.803827937005693,30,294,14.368421052631579
38,78,88,2,135,35.23780997321079,58,309,42.32911392405063
18,44,69,3,132,5.5617211336452,42,295,27.6
36,65,51,3,235,21.06525560688883,48,154,27.818181818181817
35,88,63,2,200,44.23049797432096,94,221,24.775280898876403
24,47,29,1,205,81.04486675212065,31,460,14.5
39,44,35,3,218,17.040795559665575,141,418,30.333333333333332
15,20,72,3,115,22.17038990233237,90,348,51.42857142857143
6,37,78,3,118,22.373315659978676,33,227,12.31578947368421
11,53,86,2,126,6.023616166353512,74,430,17.51851851851852
15,53,47,2,270,21.951057240239667,96,480,13.055555555555555
6,28,81,1,265,95.01893182323458,47,241,16.75862068965517
30,72,65,1,296,75.06921194913191,5,405,26.71232876712329
23,84,71,1,162,90.97431817954566,30,223,19.211764705882352
12,24,77,2,84,12.473543275390107,40,312,36.96
22,52,86,1,225,88.52897021369257,30,222,35.698113207547166
31,33,43,3,211,31.296948370260925,36,397,39.205882352941174
7,79,31,2,258,26.574488517828378,40,363,2.7125
38,83,72,3,226,26.52264555540958,147,402,32.57142857142857
37,23,74,3,265,10.985971787045086,120,324,114.08333333333333
33,70,27,2,259,7.133181891677954,60,235,12.549295774647888
33,70,53,1,74,11.553531731549823,44,379,24.633802816901408
38,59,61,2,122,13.734192713374677,28,471,38.63333333333333
17,67,79,1,211,33.2186072079315,42,283,19.75
24,85,65,1,142,20.87638262930425,34,474,18.13953488372093
27,73,53,2,225,46.14930896140273,48,395,19.33783783783784
8,34,69,3,255,26.22289972604435,42,492,15.771428571428572
38,67,67,3,211,26.05627839846191,111,220,37.44117647058823
10,76,41,2,258,15.627100346578537,54,339,5.324675324675325
24,88,22,2,181,27.987344877542274,42,101,5.932584269662922
28,28,30,3,94,17.397390027252317,45,449,28.96551724137931
27,31,47,1,192,23.075763385713408,27,370,39.65625
32,59,50,1,173,70.8751999750528,46,128,26.666666666666668
16,51,65,2,71,48.52541763432297,14,453,20.0
28,27,72,2,79,34.670142346298285,80,323,72.0
24,87,30,3,150,9.358125092274943,36,298,8.181818181818182
22,65,55,2,200,43.939203934546626,90,154,18.333333333333332
34,65,88,3,179,8.768897942999592,75,430,45.333333333333336
34,50,70,2,272,11.387663774717872,70,445,46.666666666666664
33,74,82,2,109,20.25573715741335,48,307,36.08
31,20,41,3,100,17.790597488780744,147,443,60.523809523809526
17,80,20,3,294,13.464984063617628,84,252,4.197530864197531
6,52,74,1,147,25.31264112015203,23,443,8.377358490566039
29,38,60,3,64,21.680862487793927,27,107,44.61538461538461
25,81,75,2,214,24.862536112802108,76,457,22.865853658536587
31,48,86,2,140,29.657972289801513,58,418,54.40816326530612
35,59,20,1,294,54.68351541409548,32,312,11.666666666666666
32,25,52,2,286,18.600313773632845,34,271,64.0
6,24,27,1,223,56.21541041962481,47,370,6.48
29,75,86,2,188,23.331982701035646,14,222,32.81578947368421
27,73,45,3,280,5.386176223279922,60,479,16.41891891891892
10,35,68,3,88,23.326092878156526,120,184,18.88888888888889
27,47,68,1,143,68.89721781951201,34,395,38.25
27,26,22,2,109,45.25106671983729,86,341,22.0
15,23,30,2,187,36.97952547598439,42,194,18.75
29,71,54,2,170,21.87649474603166,14,255,21.75
6,35,20,1,274,11.38910226179283,21,225,3.3333333333333335
23,64,89,1,218,29.228338619999747,27,185,31.49230769230769
23,77,70,2,131,22.6013016915441,70,398,20.641025641025642
20,59,43,1,186,70.00559365176947,20,500,14.333333333333334
34,67,84,1,77,51.4433294937119,36,424,42.0
20,79,49,3,150,22.322905506787873,33,266,12.25
18,22,61,1,229,15.826643741407528,41,108,47.73913043478261
29,31,66,3,111,16.883312357226764,126,445,59.8125
11,70,58,2,174,27.184601320341148,32,438,8.985915492957746
7,64,49,1,297,84.49994241913026,25,442,5.276923076923077
26,30,53,1,138,50.72539997370781,33,233,44.45161290322581
16,74,53,3,133,15.91727528278267,141,372,11.306666666666667
8,63,69,1,267,37.15985536016557,14,208,8.625
20,46,31,3,183,21.25773718149915,18,100,13.191489361702128
34,42,50,1,131,34.35031054564938,49,100,39.53488372093023
7,52,44,1,79,74.18824660389237,11,408,5.811320754716981
23,59,45,2,118,32.54288003519136,62,269,17.25
30,30,25,3,105,3.33684396913374,33,484,24.193548387096776
39,73,46,3,229,7.506848055848526,63,412,24.243243243243242
13,34,72,2,250,17.41760131572352,98,335,26.742857142857144
22,29,70,2,149,11.011110226612093,82,382,51.333333333333336
31,73,28,1,170,40.7876453307784,32,456,11.72972972972973
11,29,71,3,191,10.372454476846055,129,369,26.033333333333335
7,55,48,3,191,18.011633470599275,72,418,6.0
36,75,26,2,138,42.68455495514037,98,274,12.31578947368421
13,59,83,1,148,57.92029387256868,50,401,17.983333333333334
18,58,66,1,82,87.81346760637514,13,242,20.135593220338983
38,31,57,1,284,96.31058807607047,10,421,67.6875
14,89,59,2,195,27.664180802769682,50,161,9.177777777777777
21,29,83,3,299,10.179928500581607,60,183,58.1
21,70,50,2,113,43.817618134542876,46,351,14.788732394366198
19,44,56,3,243,6.0619998448222,108,385,23.644444444444446
19,83,61,1,183,24.991417210022966,26,365,13.797619047619047
15,65,72,2,147,19.5878627004649,66,242,16.363636363636363
32,26,78,1,221,43.2392475568034,25,267,92.44444444444444
28,43,81,1,245,13.690064820019376,16,257,51.54545454545455
23,41,68,2,78,30.763395522534104,26,384,37.23809523809524
33,44,65,1,126,70.77636544208951,38,141,47.666666666666664
32,61,40,2,282,46.48537377466208,72,370,20.64516129032258
18,65,51,2,239,26.29416061073817,86,327,13.909090909090908
19,33,24,1,83,68.60043504669251,39,253,13.411764705882353
19,72,50,1,215,92.39520249122347,7,314,13.013698630136986
20,45,84,2,73,34.742493745172375,32,434,36.52173913043478
14,34,25,2,74,40.34323667179154,70,116,10.0
25,34,64,1,258,51.379460161556615,50,243,45.714285714285715
18,85,82,3,169,21.210792962147636,150,361,17.162790697674417
33,77,29,1,286,66.57094225085547,19,164,12.26923076923077
34,82,58,1,231,37.48512033000986,21,239,23.759036144578314
8,28,33,1,147,27.005874343660587,41,335,9.10344827586207
30,85,87,1,202,59.80397204529431,6,379,30.348837209302324
17,40,71,2,231,43.6170045242063,100,246,29.4390243902439
14,33,45,2,140,20.28458718885642,60,488,18.529411764705884
33,28,53,2,185,36.617280549190426,10,272,60.310344827586206
39,63,62,1,192,17.786832232305088,48,496,37.78125
30,86,66,1,139,14.640430351262468,18,183,22.75862068965517
11,69,70,1,62,63.44692141086274,20,406,11.0
27,39,64,2,219,34.14360783814665,66,259,43.2
29,24,86,2,191,30.22899354693701,30,212,99.76
38,51,47,2,149,46.15600574095501,88,332,34.34615384615385
30,50,51,2,196,5.281783751704988,24,144,30.0
7,55,65,1,279,10.680998658871177,37,112,8.125
13,48,23,3,67,23.244419671884703,24,279,6.1020408163265305
9,25,43,1,242,51.406023840156095,24,389,14.884615384615385
30,27,58,1,212,10.18501381909531,40,199,62.142857142857146
31,22,65,1,116,34.37388470775138,45,258,87.6086956521739
26,63,23,1,298,45.79907288805415,19,351,9.34375
10,25,68,3,287,12.44503992069122,117,351,26.153846153846153
27,64,32,3,185,12.05706630822734,72,113,13.292307692307693
31,48,52,2,164,36.83135863497418,84,488,32.89795918367347
11,47,31,2,171,24.530594665406824,34,490,7.104166666666667
19,22,32,1,206,32.310237391435685,39,485,26.434782608695652
7,53,50,2,161,36.72080022218897,36,285,6.481481481481482
15,52,31,2,166,15.761680373356228,26,486,8.773584905660377
32,27,59,3,100,7.792749751074871,99,399,67.42857142857143
11,81,88,2,149,28.61528335018643,84,286,11.804878048780488
35,38,28,3,83,19.0463393269315,99,313,25.128205128205128
33,79,62,1,152,69.43354954890643,5,318,25.575
39,50,65,1,195,36.09937926052887,5,445,49.705882352941174
20,47,49,2,179,10.800249374885954,68,265,20.416666666666668
34,54,52,1,282,52.045416560371315,26,313,32.14545454545455
10,26,30,2,159,6.616661713569394,86,199,11.11111111111111
36,59,34,3,266,4.110148504386327,24,430,20.4
5,74,46,3,177,29.49544056887822,69,215,3.066666666666667
37,29,35,3,231,18.16237472094863,129,152,43.166666666666664
12,20,39,3,250,4.915041599518843,105,357,22.285714285714285
9,82,87,3,252,11.562649131555661,81,420,9.433734939759036
7,66,34,1,146,89.2044177875821,35,285,3.5522388059701493
35,69,72,3,64,24.057545732267712,111,194,36.0
30,53,60,1,210,14.729187007341238,40,457,33.333333333333336
39,80,43,2,235,35.39725560932746,42,416,20.703703703703702
5,40,29,1,175,43.1900077274396,27,300,3.5365853658536586
39,85,25,1,293,86.00955573672584,35,175,11.337209302325581
20,84,55,3,171,8.285950513202645,99,153,12.941176470588236
14,35,29,3,71,31.830594902002584,72,413,11.277777777777779
21,24,49,2,276,5.645767324462248,66,239,41.16
17,74,35,2,219,19.359696909909744,54,127,7.933333333333334
39,84,48,1,277,51.0026435583085,46,465,22.023529411764706
20,20,27,3,207,9.341847641267032,24,139,25.714285714285715
13,57,41,1,84,80.3339421580047,27,244,9.189655172413794
22,63,60,3,279,21.351797968702694,42,301,20.625
33,76,24,1,105,63.48883310269246,11,175,10.285714285714286
22,69,61,2,104,8.296114953128846,32,252,19.17142857142857
15,43,23,2,218,5.698553354148919,48,347,7.840909090909091
10,30,87,3,72,17.180914514626156,147,216,28.06451612903226
35,57,63,2,176,38.97837255907618,24,340,38.01724137931034
24,70,78,3,200,23.284254971052277,96,357,26.366197183098592
35,83,36,1,168,71.80839987615562,37,490,15.0
26,48,70,3,268,16.263003473432196,129,442,37.142857142857146
24,63,53,2,101,34.258564507023365,44,364,19.875
35,35,87,1,226,24.572446375247825,18,297,84.58333333333333
36,51,23,3,148,27.67337494565777,60,319,15.923076923076923
10,88,40,2,142,30.26342116380111,36,426,4.49438202247191
8,49,22,1,197,58.354001807133486,42,192,3.52
17,44,31,3,178,27.963313319083642,129,297,11.71111111111111
28,53,86,2,144,39.70360975654435,26,416,44.592592592592595
10,30,52,1,275,10.337378284463313,46,220,16.774193548387096
9,89,83,2,223,49.71288364687026,84,294,8.3
25,29,27,2,167,25.756054328831084,84,438,22.5
32,73,29,1,217,13.021690008132499,33,194,12.54054054054054
24,36,57,2,92,6.441734480132651,56,251,36.972972972972975
31,38,48,1,93,51.86519368631708,41,423,38.15384615384615
25,68,72,3,90,23.78580661905437,54,120,26.08695652173913
21,80,84,1,257,22.619887789860663,29,385,21.77777777777778
14,47,50,3,101,6.7303369665233985,150,222,14.583333333333334
17,85,65,3,188,15.383822097931334,96,319,12.848837209302326
22,59,75,2,110,44.635087001802745,12,455,27.5
30,32,89,3,107,9.856377200568502,99,252,80.9090909090909
39,22,26,3,190,25.749262725299587,18,366,44.08695652173913
7,61,60,3,130,20.095721814106245,138,159,6.774193548387097
14,71,84,2,227,49.166953673294636,54,393,16.333333333333332
30,56,22,3,153,10.625918774881166,75,250,11.578947368421053
30,43,78,3,151,10.725128808191,33,231,53.18181818181818
24,43,51,2,220,41.494542442568125,16,189,27.818181818181817
6,72,28,1,97,45.79103648448105,49,494,2.3013698630136985
32,37,62,1,83,89.67364589197943,31,232,52.21052631578947
32,48,80,3,61,32.59237653244444,63,154,52.244897959183675
15,70,56,3,242,28.598237855777413,54,112,11.830985915492958
12,58,66,2,95,10.566173072929875,22,106,13.423728813559322
38,54,74,2,97,29.730311374975603,66,312,51.127272727272725
23,51,81,2,284,11.494896276136316,56,377,35.82692307692308
27,24,77,2,234,49.61626944571538,78,304,83.16
34,38,80,1,154,15.591935922614937,30,419,69.74358974358974
8,32,56,1,96,82.4626462489925,26,188,13.575757575757576
8,35,55,1,296,86.7264724520099,35,406,12.222222222222221
14,73,26,3,270,27.16832797751559,126,236,4.918918918918919
36,56,79,2,146,44.767914319846874,30,159,49.89473684210526
5,40,79,2,185,19.79394167138519,66,212,9.634146341463415
16,56,31,3,274,16.504423949820417,120,450,8.701754385964913
27,50,46,3,76,31.254607264238956,66,249,24.352941176470587
34,30,78,1,131,97.86310834383403,9,469,85.54838709677419
10,40,86,2,154,29.06779219634153,92,234,20.975609756097562
11,49,73,1,293,59.68534558572111,7,192,16.06
29,88,22,1,97,95.79927380694005,34,354,7.168539325842697
26,64,70,3,129,7.209420230292371,129,363,28.0
14,85,45,1,244,88.54684883465532,22,469,7.325581395348837
31,76,32,3,94,23.69658748262889,33,454,12.883116883116884
24,55,48,2,213,44.192882144289364,18,138,20.571428571428573
15,47,86,2,136,41.86619052501055,66,389,26.875
14,59,55,3,107,7.238718820597236,48,446,12.833333333333334
12,81,61,1,166,91.75359856622609,12,129,8.926829268292684
12,32,67,2,135,13.882549604665533,42,132,24.363636363636363
18,42,87,3,127,18.50399363246243,39,372,36.41860465116279
20,69,73,2,161,16.51628993059779,94,301,20.857142857142858
8,57,52,1,133,23.858196899544517,34,200,7.172413793103448
35,70,43,2,151,7.49559865527713,58,372,21.197183098591548
35,71,58,2,282,40.86666490706273,16,122,28.194444444444443
6,35,84,3,233,20.057856509122082,30,191,14.0
11,45,83,1,104,34.27464392668843,30,491,19.847826086956523
33,47,89,3,82,14.056749024164091,141,338,61.1875
8,54,38,3,215,11.80446324806872,54,120,5.527272727272727
12,63,34,2,253,41.252147823597966,70,495,6.375
23,75,41,3,277,15.377995127228537,123,190,12.407894736842104
13,31,27,3,179,28.419263496180587,99,105,10.96875
18,85,35,3,115,16.862790148267347,150,146,7.325581395348837
23,30,70,2,183,26.294463775304312,54,208,51.935483870967744
6,50,78,3,152,31.964605342021922,48,375,9.176470588235293
13,84,40,3,240,11.489455873424212,48,248,6.117647058823529
35,83,28,1,187,88.59928893166106,5,224,11.666666666666666
35,44,31,3,94,28.283032020160476,69,140,24.11111111111111
9,60,24,1,130,49.34543753123848,27,296,3.540983606557377
25,79,57,1,242,46.009595606208855,23,193,17.8125
16,87,45,3,287,23.14683052423605,21,483,8.181818181818182
36,49,89,1,212,46.87802379498295,11,317,64.08
14,57,31,1,85,96.15090791446863,12,287,7.482758620689655
28,63,46,1,64,19.77702085839939,5,119,20.125
23,87,29,1,97,39.93576974459957,27,277,7.579545454545454
15,72,32,1,226,13.298905225145456,41,188,6.575342465753424
6,33,42,3,122,30.22132245153878,63,178,7.411764705882353
36,58,45,2,117,20.41899947596766,62,105,27.45762711864407
29,59,49,1,162,36.47495738926537,45,187,23.683333333333334
33,28,62,3,95,3.935494171591502,57,443,70.55172413793103
6,40,74,3,224,17.89775684590253,84,414,10.829268292682928
24,80,52,2,80,6.394278021965989,70,114,15.407407407407407
10,75,25,1,194,36.952109398753926,48,253,3.289473684210526
29,40,87,2,236,48.99914905318297,94,339,61.53658536585366
34,78,47,1,107,99.5389459305057,10,220,20.227848101265824
32,82,30,2,284,24.18313105661434,22,235,11.566265060240964
19,42,86,2,272,22.47234781622968,62,464,38.0
16,67,26,1,290,93.52627120705034,13,425,6.117647058823529
8,35,77,1,120,65.60697043882328,20,269,17.11111111111111
38,24,44,1,253,42.26905106999082,28,251,66.88
31,46,61,1,109,35.16445392753806,26,350,40.234042553191486
8,62,79,2,250,32.303682798093675,92,391,10.031746031746032
7,78,29,2,93,44.893127830120186,62,414,2.569620253164557
33,64,22,3,205,10.248536067803187,111,190,11.169230769230769
35,24,42,2,239,13.684356808669511,72,183,58.8
26,86,63,3,192,16.96866806715749,51,349,18.82758620689655
27,87,46,1,166,28.32971940942084,27,295,14.113636363636363
28,24,68,2,121,48.51120159453264,14,494,76.16
16,64,72,3,182,4.0646916200049334,33,432,17.723076923076924
38,42,79,3,277,18.098305840525338,78,359,69.81395348837209
7,23,59,2,195,7.133342645867309,82,146,17.208333333333332
24,84,53,3,149,15.124624464777712,21,231,14.964705882352941
23,33,68,1,295,59.791824163225975,15,134,46.0
8,85,31,2,131,16.95850265913273,98,295,2.883720930232558
24,78,67,3,283,10.401180372188158,93,263,20.354430379746834
7,60,44,1,87,66.31408912425225,44,431,5.049180327868853
25,85,26,2,151,33.97410522393888,38,283,7.558139534883721
34,25,78,1,208,12.135987580979732,50,184,102.0
23,21,43,3,286,33.25045099679016,42,451,44.95454545454545
5,39,41,2,286,35.97031125170488,84,386,5.125
34,64,47,1,179,94.62378861098959,20,158,24.584615384615386
32,53,73,1,103,42.41494368395218,10,346,43.25925925925926
5,71,53,1,197,26.199198810816156,26,309,3.6805555555555554
29,51,36,3,73,7.915912992416385,135,214,20.076923076923077
33,78,31,3,286,17.231568289690784,87,332,12.949367088607595
21,63,27,1,150,17.482820674222566,35,401,8.859375
33,59,57,3,260,12.11799386829869,144,444,31.35
24,85,89,1,95,38.95746063878845,46,491,24.837209302325583
18,80,48,2,101,15.592289459012765,96,157,10.666666666666666
9,67,20,3,61,6.191260193008415,63,378,2.6470588235294117
38,84,83,2,164,19.727803047869706,92,178,37.10588235294118
8,69,85,2,262,48.515391766544845,96,106,9.714285714285714
17,60,72,3,284,19.435382240284053,105,107,20.065573770491802
22,83,43,3,291,3.637235685437101,69,240,11.261904761904763
27,81,21,1,86,34.761061111166185,7,483,6.914634146341464
15,75,44,3,237,14.02062495048905,36,295,8.68421052631579
21,61,78,1,125,82.8381352825988,25,171,26.419354838709676
33,69,21,2,291,29.845355283985935,82,333,9.9
31,48,89,3,204,13.693359962969083,36,245,56.30612244897959
39,81,52,3,77,29.822838005510686,141,162,24.73170731707317
29,83,60,3,90,27.708353059943992,18,463,20.714285714285715
23,31,37,3,117,21.073137444303175,27,199,26.59375
17,79,64,1,233,27.604105832169488,31,300,13.6
5,24,22,1,62,30.071258292140282,11,434,4.4
24,81,38,1,105,50.19457177147468,25,175,11.121951219512194
33,30,28,1,242,85.4479194466184,27,189,29.806451612903224
31,39,66,3,228,4.561708115241346,66,462,51.15
16,46,42,1,151,77.32982805378002,30,287,14.297872340425531
13,68,66,2,140,37.71467128693827,90,159,12.434782608695652
35,50,43,2,143,16.854112184068754,48,497,29.50980392156863
29,57,51,3,85,10.982865224030157,144,213,25.5
14,42,75,3,216,25.854669712522334,72,326,24.41860465116279
8,22,27,2,226,42.48309045666737,86,133,9.391304347826088
11,44,53,2,220,7.005867413113372,82,261,12.955555555555556
27,40,54,2,175,36.18516069365019,10,281,35.5609756097561
26,24,48,1,123,29.822314607837964,35,220,49.92
14,67,64,3,151,16.711829124526144,30,175,13.176470588235293
33,70,51,1,89,36.76699893923872,43,261,23.704225352112676
11,33,77,1,175,73.1633945945324,26,259,24.91176470588235
30,37,31,3,125,23.719516260511938,117,297,24.473684210526315
19,76,26,3,71,31.034729390622868,138,217,6.415584415584416
10,44,46,2,147,19.57539463798131,30,295,10.222222222222221
16,23,37,2,247,18.503434664084352,80,179,24.666666666666668
29,44,24,2,82,32.501896348638084,80,150,15.466666666666667
24,59,79,2,78,23.639434872241498,46,456,31.6
36,65,55,2,258,10.589777957395754,100,228,30.0
37,85,72,3,82,9.801411446915326,78,210,30.976744186046513
9,80,77,1,109,71.7592659746349,23,248,8.555555555555555
21,89,24,3,261,13.956025140429512,117,232,5.6
5,56,67,3,287,29.881302571911633,42,236,5.87719298245614
32,23,38,2,110,22.432291526566967,24,308,50.666666666666664
27,34,85,3,156,31.457827915867053,69,108,65.57142857142857
6,61,84,2,192,24.893169072337088,20,355,8.129032258064516
10,73,50,1,143,92.05890285261516,6,405,6.756756756756757
10,69,30,2,216,40.308444410148084,36,188,4.285714285714286
34,75,44,1,140,50.91494793323519,33,411,19.68421052631579
31,55,80,2,156,14.42922383597633,42,400,44.285714285714285
8,27,53,2,203,19.392037793559453,26,190,15.142857142857142
38,67,79,2,271,43.678961834159466,34,234,44.14705882352941
27,49,75,3,206,6.026523598197957,48,140,40.5
39,26,66,3,101,15.77513013833254,57,415,95.33333333333333
28,25,24,2,159,33.830799854987205,64,350,25.846153846153847
37,23,34,1,282,65.9305803591329,8,289,52.416666666666664
10,58,30,2,72,17.91787856838997,78,259,5.084745762711864
36,72,87,1,243,20.94709348106609,39,125,42.9041095890411
28,56,52,3,258,15.840786676661182,75,228,25.54385964912281
24,37,73,3,264,17.257649160772925,87,250,46.10526315789474
18,83,30,1,238,60.6700530652857,32,381,6.428571428571429
7,56,29,2,243,49.42609812593053,24,241,3.56140350877193
26,24,81,2,77,49.495007565705635,42,186,84.24
12,29,87,1,116,99.67019537210227,18,482,34.8
16,79,60,3,151,11.376296060247027,117,276,12.0
5,69,74,1,258,53.6749932250757,24,205,5.285714285714286
12,79,22,2,157,48.28705487877042,72,240,3.3
33,49,85,3,113,29.412004787536187,132,151,56.1
12,68,46,1,62,57.37438064474233,33,224,8.0
16,82,21,3,266,4.965017305297667,105,102,4.048192771084337
7,74,47,2,68,49.67794755694072,10,382,4.386666666666667
38,22,58,3,253,12.516183131534829,93,465,95.82608695652173
10,59,36,1,252,34.50244073336593,22,155,6.0
17,71,83,3,283,15.278858721248369,84,135,19.59722222222222
26,89,31,1,120,16.952774783093343,36,476,8.955555555555556
19,30,88,1,278,87.02025376129848,21,140,53.935483870967744
19,72,82,3,289,8.3923427258503,126,351,21.34246575342466
34,32,46,3,193,30.124636199829897,54,364,47.39393939393939
19,39,36,3,224,25.036092475912184,15,480,17.1
19,40,71,3,263,10.20380710231616,117,309,32.90243902439025
16,44,81,1,158,80.56482092010367,49,136,28.8
20,44,25,3,253,20.093563867123883,150,140,11.11111111111111
10,41,87,2,173,11.72289067175609,98,294,20.714285714285715
34,41,25,2,165,8.54460462350338,80,147,20.238095238095237
37,22,80,2,119,45.38697991663748,24,446,128.69565217391303
14,62,31,3,152,3.9972553354552005,27,446,6.888888888888889
39,67,21,2,248,44.42334724313758,10,467,12.044117647058824
11,40,42,2,137,10.842185117884949,70,363,11.268292682926829
21,53,36,2,270,49.0917105092247,90,376,14.0
37,24,53,1,191,54.36755746492704,47,119,78.44
36,39,80,1,185,83.35118625905784,27,490,72.0
34,50,87,1,66,68.55400276148262,14,243,58.0
14,88,85,3,182,32.081863476973815,63,356,13.370786516853933
5,43,77,3,149,13.367565558335018,72,367,8.75
25,77,24,3,285,20.85411344095392,33,131,7.6923076923076925
33,37,86,3,140,31.84874800313206,111,374,74.6842105263158
35,37,83,2,261,5.1656626194379855,92,183,76.44736842105263
21,81,72,1,63,27.573952152680306,13,286,18.4390243902439
26,48,42,3,249,25.886168653442564,27,388,22.285714285714285
39,80,44,3,180,32.178268601236674,54,299,21.185185185185187
13,75,84,2,257,25.37673499760764,100,440,14.368421052631579
25,27,75,3,148,26.967792516776324,123,104,66.96428571428571
31,74,81,2,234,48.668957500310434,28,289,33.48
36,65,76,1,173,98.70893280255692,22,414,41.45454545454545
8,42,58,1,282,79.00787634768587,7,486,10.790697674418604
13,34,54,2,77,9.146359851621693,84,311,20.057142857142857
7,26,28,2,71,12.145342684495546,46,341,7.2592592592592595
25,46,46,3,84,30.261968397266042,84,493,24.46808510638298
18,68,68,2,249,39.62426461274656,72,402,17.73913043478261
36,52,60,3,82,27.266198612550628,93,477,40.75471698113208
30,34,20,3,283,23.79508462139655,57,371,17.142857142857142
33,45,41,3,225,27.499976628970945,84,196,29.41304347826087
36,40,79,3,147,31.212936590042318,48,224,69.36585365853658
13,42,37,3,238,19.839989422965235,120,495,11.186046511627907
34,43,45,2,224,25.080927027771796,80,257,34.77272727272727
24,85,39,1,101,27.89192730337173,39,146,10.883720930232558
5,42,37,1,290,17.611981809458143,12,314,4.3023255813953485
18,86,86,1,156,88.64231494771532,46,106,17.79310344827586
27,48,28,2,112,21.03366365264893,84,371,15.428571428571429
37,66,46,2,72,22.592359980215427,94,390,25.402985074626866
34,57,83,1,209,12.422095669058166,35,159,48.6551724137931
20,43,45,3,137,11.055573895663501,21,364,20.454545454545453
19,82,88,2,211,30.96769864475252,50,117,20.14457831325301
11,73,49,3,277,21.54748486647594,99,186,7.283783783783784
37,26,85,3,86,8.929715893922467,42,105,116.48148148148148
16,23,36,3,296,29.553236526343923,114,358,24.0
11,80,66,3,166,21.187187824092508,147,285,8.962962962962964
25,72,50,2,197,47.62473746970561,74,218,17.123287671232877
18,60,74,2,105,22.74441808887751,30,153,21.83606557377049
25,43,65,3,152,10.965290192179168,144,337,36.93181818181818
13,87,44,2,215,7.242207079275941,32,408,6.5
24,78,66,1,238,89.23274870390428,34,420,20.050632911392405
35,48,55,2,256,41.633016986942955,18,271,39.285714285714285
20,83,30,1,268,44.635738755689005,33,312,7.142857142857143
23,39,24,1,246,90.50694323617121,45,186,13.8
31,39,49,2,92,32.75723737298602,58,452,37.975
36,55,30,2,78,39.12945656881652,38,477,19.285714285714285
37,54,86,2,263,47.813365557586366,62,257,57.85454545454545
7,47,81,2,153,16.83057001013648,42,479,11.8125
11,50,30,1,169,66.74078337723653,26,307,6.470588235294118
10,21,87,3,181,15.036546165650178,63,180,39.54545454545455
15,29,50,1,61,36.64684540913629,46,470,25.0
7,63,24,2,177,20.66549284941774,56,200,2.625
21,87,23,3,238,13.967186301714136,147,256,5.488636363636363
12,31,57,1,171,87.82891455797782,8,375,21.375
16,79,35,3,270,31.69991442764177,132,229,7.0
16,38,78,1,95,87.56129141107844,21,335,32.0
39,27,22,2,168,27.735704598247853,18,242,30.642857142857142
11,48,82,1,212,42.205801899368275,25,325,18.408163265306122
13,24,85,1,274,92.61439673117194,6,309,44.2
12,56,44,1,110,57.25602760210779,37,377,9.263157894736842
28,82,66,2,267,5.77548505857128,12,457,22.265060240963855
21,27,60,1,80,47.20490112879695,29,400,45.0
11,71,52,3,237,16.75323785305948,51,364,7.944444444444445
34,51,38,2,218,47.94044032612616,18,476,24.846153846153847
34,84,33,3,89,7.687535098156972,15,280,13.2
16,41,35,2,207,38.992934463700145,14,219,13.333333333333334
16,80,53,3,65,5.851687841060046,147,399,10.469135802469136
19,33,65,3,146,31.56593041924458,96,177,36.3235294117647
34,75,80,3,135,10.466526097244033,33,399,35.78947368421053
22,66,87,3,272,3.653460909837166,45,231,28.567164179104477
29,74,49,2,272,22.2877745490105,38,441,18.946666666666665
17,50,31,1,91,72.25472138752292,28,207,10.333333333333334
7,50,58,3,164,4.069140593170772,45,471,7.96078431372549
27,85,20,1,288,83.43098702639071,30,416,6.27906976744186
17,68,57,2,210,5.738103658517953,22,193,14.043478260869565
14,67,25,3,190,19.32183835409226,15,241,5.147058823529412
38,79,74,3,261,21.939485690852894,114,413,35.15
37,53,39,2,112,28.85415741261616,74,424,26.72222222222222
8,45,62,3,289,23.504732243466055,60,223,10.782608695652174
7,59,73,2,82,19.056806840937462,64,301,8.516666666666667
25,76,55,1,282,28.941079635629286,26,426,17.857142857142858
25,27,51,3,60,23.45005734378773,138,394,45.535714285714285
32,51,89,1,119,74.55180392141447,11,397,54.76923076923077
17,54,52,2,191,17.880984771219293,96,387,16.072727272727274
30,66,82,2,91,37.130012062922944,88,382,36.71641791044776
20,76,58,2,240,30.997300202933264,30,282,15.064935064935066
12,67,73,2,204,11.85551894131353,38,422,12.882352941176471
7,29,21,1,207,74.00442458931781,37,422,4.9
32,51,77,3,162,9.409987128719942,60,321,47.38461538461539
5,67,28,2,277,42.15160666477556,48,240,2.0588235294117645
35,52,54,2,80,28.3985589796798,48,158,35.660377358490564
14,49,54,2,227,11.03175873578288,14,384,15.12
26,75,22,3,101,7.468998464567168,63,204,7.526315789473684
18,50,44,1,77,75.58070243607922,30,292,15.529411764705882
29,38,84,3,145,32.71899153248956,144,491,62.46153846153846
19,43,79,1,280,68.51557284635767,13,165,34.11363636363637
36,34,52,2,281,40.72441243027628,62,474,53.48571428571429
25,56,32,3,234,18.10990556346563,96,257,14.035087719298245
34,65,45,3,264,27.5756385881859,75,168,23.181818181818183
9,43,81,2,126,49.02492272561845,28,250,16.568181818181817
8,28,81,3,160,3.857677313858273,120,456,22.344827586206897
31,80,82,2,89,27.256929179496012,18,429,31.382716049382715
30,84,59,2,125,43.51255521347311,54,291,20.823529411764707
36,32,51,2,285,46.45101041137592,14,243,55.63636363636363
33,20,45,3,230,3.947003342143619,24,273,70.71428571428571
28,54,45,3,184,19.523956998563403,21,406,22.90909090909091
17,22,83,2,220,22.07559835202865,72,305,61.34782608695652
15,28,83,1,213,59.599441456913254,25,175,42.93103448275862
6,46,32,2,224,19.68002651405871,24,186,4.085106382978723
11,58,45,3,237,4.68999490394912,18,495,8.389830508474576
14,43,80,1,161,49.93009750480333,17,248,25.454545454545453
19,58,83,1,130,21.422350363907764,46,320,26.728813559322035
8,60,33,2,126,22.009336374918462,10,245,4.327868852459017
35,74,82,2,297,38.58665315208187,64,292,38.266666666666666
13,87,56,3,92,17.705669447572628,96,225,8.272727272727273
11,52,59,1,69,56.249639936507876,21,383,12.245283018867925
28,81,31,3,202,22.0900800789868,63,166,10.585365853658537
7,22,63,2,61,48.46251229974688,94,120,19.17391304347826
24,44,26,3,117,27.533040032621205,75,431,13.866666666666667
9,32,22,3,197,15.42529638700686,111,340,6.0
24,38,41,1,72,97.14826934266932,41,310,25.23076923076923
19,37,84,2,250,38.894922710958895,98,435,42.0
21,72,53,1,176,18.14187587744527,39,449,15.246575342465754
11,62,71,1,132,82.5358620733044,12,108,12.396825396825397
5,77,42,1,216,10.458246007171546,26,225,2.6923076923076925
16,30,80,3,115,18.452022719112453,102,398,41.29032258064516
24,75,68,1,210,23.042556461875257,34,123,21.473684210526315
30,37,28,3,245,21.00781031423867,63,441,22.105263157894736
35,89,50,1,218,10.730787638848279,44,364,19.444444444444443
25,24,43,1,235,67.2394898622714,37,382,43.0
39,85,68,3,277,26.402718600095824,141,498,30.837209302325583
14,53,53,3,157,14.161978803350486,78,206,13.74074074074074
7,30,89,3,97,8.34762128357765,15,213,20.096774193548388
22,57,78,2,258,49.743274506234805,74,319,29.586206896551722
34,50,83,3,140,30.579074963345075,54,421,55.333333333333336
19,73,54,2,132,23.050158006528743,70,411,13.864864864864865
24,36,39,1,240,91.30617296057302,11,280,25.2972972972973
33,21,56,3,125,25.5941213235909,42,144,84.0
28,65,81,3,105,16.137990788762767,60,343,34.36363636363637
25,41,88,3,259,24.55136127286792,15,207,52.38095238095238
13,80,76,1,184,21.34891161561012,37,405,12.197530864197532
24,43,25,2,221,37.037816203320816,36,441,13.636363636363637
9,72,81,1,241,29.925142870294533,26,372,9.986301369863014
31,62,85,3,176,13.42779549758852,141,327,41.82539682539682
27,87,64,1,61,39.38322430356838,6,496,19.636363636363637
19,75,60,3,94,3.367496345913697,42,286,15.0
26,74,43,3,176,19.723870860300767,147,454,14.906666666666666
33,84,26,1,64,52.497983412846004,14,473,10.094117647058823
38,42,85,1,79,62.76684216413257,45,453,75.11627906976744
16,39,68,3,167,5.7259527574411955,96,132,27.2
24,88,73,1,130,93.28299715655588,32,222,19.685393258426966
15,34,56,1,217,85.35448971277597,13,136,24.0
21,47,74,3,238,20.44194370302165,72,387,32.375
35,26,37,3,188,17.260004798395496,69,284,47.96296296296296
12,23,65,2,270,37.778256372834434,58,386,32.5
24,25,79,3,239,21.285767900478,132,231,72.92307692307692
14,78,24,3,180,17.586523135612534,108,216,4.253164556962025
19,37,40,1,119,83.3799095746182,26,406,20.0
37,32,60,3,79,26.696294032040438,105,326,67.27272727272727
16,54,40,1,279,62.86399142306796,9,100,11.636363636363637
24,78,88,1,65,27.19006969657191,16,373,26.734177215189874
30,23,51,3,154,30.194230011999682,60,339,63.75
36,84,62,3,196,11.219411325112224,72,395,26.258823529411764
15,21,89,3,101,15.830165360318098,42,451,60.68181818181818
32,87,48,3,203,6.089567310675148,132,139,17.454545454545453
8,89,59,2,285,13.944630085765978,10,212,5.2444444444444445
38,26,30,1,280,77.58130090814376,44,426,42.22222222222222
35,27,53,3,84,33.251881316927275,18,290,66.25
19,27,66,2,233,21.167727771372714,44,363,44.785714285714285
32,59,89,1,291,30.89214655715493,6,457,47.46666666666667
28,37,83,1,297,20.546061647869724,32,181,61.1578947368421
18,58,67,1,143,15.465034762665967,7,222,20.440677966101696
7,25,41,1,287,64.51191898412098,41,114,11.038461538461538
13,51,85,2,237,38.44071344557774,74,382,21.25
23,53,40,3,126,18.86646120908784,45,192,17.037037037037038
28,72,33,3,64,30.56376602232055,30,405,12.657534246575343
18,86,49,1,196,97.25207111774341,28,408,10.137931034482758
6,78,41,1,245,30.65743154235138,46,236,3.1139240506329116
24,63,54,3,163,30.56657943699533,96,439,20.25
24,76,29,2,179,11.087082014752323,34,162,9.03896103896104
17,61,74,1,117,87.27099899270445,17,311,20.29032258064516
16,58,89,2,162,43.39210557465031,72,229,24.135593220338983
22,66,22,3,230,23.366081041830697,33,301,7.223880597014926
14,77,45,2,138,18.331241858727534,66,192,8.076923076923077
37,54,42,1,182,84.06895656148473,48,411,28.254545454545454
11,81,36,2,162,13.671518666462605,50,322,4.829268292682927
33,40,69,1,270,25.86006883715798,24,476,55.53658536585366
15,74,31,1,170,13.80034372113482,24,115,6.2
34,44,82,2,72,30.053670891821927,38,428,61.955555555555556
8,88,88,1,131,66.0399802374829,17,364,7.910112359550562
19,58,85,1,192,60.26574645740675,25,330,27.372881355932204
27,38,45,1,154,11.779275507277916,40,449,31.153846153846153
21,54,80,1,125,37.26719409515548,30,432,30.545454545454547
28,84,45,3,65,14.848014116651326,69,257,14.823529411764707
7,55,42,3,292,3.72684724751511,147,475,5.25
13,87,30,1,290,60.127767932399514,5,136,4.431818181818182
16,50,56,3,121,32.59667845384813,69,176,17.568627450980394
8,52,34,1,284,63.521645490663765,40,161,5.132075471698113
5,77,20,1,256,11.66422548030188,15,273,1.2820512820512822
33,30,74,3,196,31.27912520764691,48,328,78.7741935483871
25,25,45,1,77,92.70032136322158,9,468,43.26923076923077
15,26,60,2,238,29.139257701013893,16,218,33.333333333333336
36,56,59,1,95,53.14718130289928,10,160,37.26315789473684
36,27,72,3,188,20.177433519704167,117,310,92.57142857142857
22,46,82,3,141,23.590596939443532,117,474,38.38297872340426
33,82,64,2,276,25.022650388441672,28,439,25.44578313253012
8,39,39,2,229,46.52066419296322,86,240,7.8
6,70,20,1,121,73.39389003169512,49,358,1.6901408450704225
36,49,74,3,195,30.968912345756525,135,195,53.28
22,67,36,2,197,5.477646266076691,76,233,11.647058823529411
29,65,38,3,73,9.837404277589867,18,123,16.696969696969695
10,49,75,2,158,18.107328180310567,16,291,15.0
15,65,21,1,85,62.09513725934668,32,245,4.7727272727272725
33,53,73,1,198,83.39823382668112,16,187,44.611111111111114
14,57,85,3,66,27.176525948784164,96,460,20.517241379310345
35,52,34,2,207,38.56910076447122,66,237,22.452830188679247
37,32,33,3,254,25.06130229019192,54,254,37.0
37,65,62,2,205,31.333366898930723,58,435,34.75757575757576
13,42,60,2,290,6.83849633617573,28,307,18.13953488372093
20,67,33,2,104,8.272901361424756,22,279,9.705882352941176
29,52,55,1,214,79.70533030528016,7,180,30.09433962264151
24,71,72,3,182,32.134210378972554,90,374,24.0
29,43,45,1,228,72.01569180591791,32,211,29.65909090909091
17,28,59,3,269,8.743846456351333,60,303,34.58620689655172
28,50,89,2,121,49.68410014390722,70,477,48.86274509803921
22,68,67,1,245,66.16968340652517,7,155,21.36231884057971
15,81,40,1,282,98.85822367614588,49,135,7.317073170731708
13,66,20,1,123,44.58361141573733,46,131,3.8805970149253732
27,59,72,1,84,72.87027903296895,20,177,32.4
35,37,74,2,275,36.54285652993346,36,216,68.15789473684211
11,48,68,1,110,51.44428180771874,21,223,15.26530612244898
35,77,72,3,273,12.859303712611101,63,136,32.30769230769231
21,26,58,2,244,22.79471543944406,90,139,45.111111111111114
8,30,57,1,69,67.39152929733842,34,462,14.709677419354838
13,35,77,3,227,12.009720232849498,72,181,27.805555555555557
29,82,87,2,249,20.39644399407696,82,293,30.397590361445783
27,60,84,1,235,96.965104056421,17,409,37.18032786885246
25,77,20,2,169,49.71721032257076,28,318,6.410256410256411
9,46,21,1,138,16.972600340106716,46,441,4.0212765957446805
6,79,25,1,128,64.77447533420579,11,240,1.875
11,43,72,3,228,27.097769304317808,129,406,18.0
19,58,20,1,258,61.49775245496635,18,472,6.440677966101695
38,46,62,1,294,61.794003396449995,17,137,50.12765957446808
29,53,45,2,218,26.234873061454692,22,492,24.166666666666668
26,43,30,1,231,44.65669213328034,31,180,17.727272727272727
5,47,46,3,93,3.940158597977492,42,314,4.791666666666667
29,88,44,3,171,11.336074443562088,21,210,14.337078651685394
13,44,64,1,196,11.455662334741072,37,358,18.488888888888887
39,75,47,1,151,10.11416124935023,11,350,24.11842105263158
21,58,23,1,63,82.53856042947929,50,413,8.186440677966102
15,38,38,2,117,29.847139638837266,56,157,14.615384615384615
30,61,71,3,173,20.85808256428105,54,225,34.354838709677416
9,23,88,3,110,18.727722222385093,78,357,33.0
8,71,74,2,243,39.218661738527764,36,489,8.222222222222221
19,57,24,1,257,73.78199389298157,43,275,7.862068965517241
18,35,58,3,246,19.837967135992574,33,369,29.0
17,53,37,2,76,10.89731415493414,34,468,11.648148148148149
28,29,79,3,65,20.623348443023183,36,387,73.73333333333333
14,79,24,3,83,13.53798542250569,66,295,4.2
22,61,25,2,195,16.38845272587426,44,250,8.870967741935484
38,64,72,2,240,29.064419787254625,22,435,42.09230769230769
39,46,79,2,174,35.49046635194332,92,252,65.55319148936171
21,20,20,2,112,47.382935207377,18,270,20.0
18,48,74,2,286,19.380438231021788,76,471,27.183673469387756
24,34,89,1,259,43.26324035586127,30,102,61.02857142857143
22,55,52,2,75,37.24987297985827,38,429,20.428571428571427
39,63,88,3,179,16.419117868754146,102,297,53.625
17,66,63,3,84,8.932441117499222,102,117,15.985074626865671
38,88,80,2,229,9.136148187926757,14,143,34.157303370786515
17,50,62,1,97,86.5782034865774,6,168,20.666666666666668
25,73,29,3,265,14.01827867162406,123,471,9.797297297297296
7,20,26,2,220,22.23910460466467,38,286,8.666666666666666
31,37,80,2,146,41.69549124227396,36,235,65.26315789473684
34,67,78,3,133,21.983943158230602,96,388,39.0
36,74,25,3,65,17.35342905198874,27,469,12.0
26,21,55,3,295,32.83818662016053,87,199,65.0
37,65,34,3,157,15.034379032441548,45,128,19.060606060606062
19,85,29,3,233,7.721571792487303,120,247,6.406976744186046
11,82,51,1,135,28.74101267330606,49,478,6.759036144578313
25,51,75,3,121,13.62571286064138,147,324,36.05769230769231
